user_id,name,age,gender,height_cm,weight_kg,occupation,city
1,Neha Gupta,46,Male,187.4,69.7,Teacher,Delhi
2,Aditya Jain,37,Female,161.7,49.4,Lawyer,Mumbai
3,Pooja Patel,23,Female,189.9,90.4,Student,Pune
4,Aman Mehta,60,Male,188.3,80.0,Doctor,Delhi
5,Simran Kumar,32,Male,170.1,58.1,Teacher,Mumbai
6,Karan Patel,30,Male,164.2,63.7,Business Owner,Hyderabad
7,Simran Singh,55,Female,153.1,43.7,Lawyer,Bengaluru
8,Sneha Shah,30,Female,185.0,92.9,Data Analyst,Indore
9,Priya Mehta,43,Male,184.7,81.9,Data Analyst,Bhopal
10,Aditya Yadav,46,Female,166.5,60.7,Accountant,Chennai
11,Rohan Kumar,33,Male,165.3,74.7,Data Analyst,Mumbai
12,Simran Yadav,52,Male,157.4,68.1,Designer,Jaipur
13,Rahul Mehta,54,Male,153.0,59.4,Doctor,Jaipur
14,Aarav Jain,23,Male,157.5,56.2,Lawyer,Delhi
15,Karan Mehta,39,Female,153.5,65.1,Data Analyst,Jaipur
16,Riya Sharma,40,Female,157.8,59.4,Software Engineer,Indore
17,Rahul Shah,50,Male,165.0,72.1,Doctor,Bengaluru
18,Arjun Mehta,28,Male,172.7,82.6,Data Analyst,Bhopal
19,Anjali Kumar,37,Male,182.3,90.2,Sales Executive,Delhi
20,Sahil Patel,38,Male,155.8,63.7,Lawyer,Hyderabad
21,Neha Yadav,24,Male,188.7,84.2,Software Engineer,Pune
22,Rohan Shah,35,Female,163.3,72.2,Lawyer,Bhopal
23,Riya Jain,44,Female,179.6,82.0,Accountant,Indore
24,Aditya Shah,35,Female,158.3,52.7,Data Analyst,Indore
25,Vikram Jain,38,Female,168.7,75.9,Software Engineer,Bengaluru
26,Kavya Jain,29,Female,171.3,75.0,Teacher,Hyderabad
27,Rohan Singh,37,Female,176.4,61.1,Lawyer,Delhi
28,Aarav Singh,26,Male,179.0,86.2,Designer,Delhi
29,Aarav Shah,53,Male,150.1,55.6,Sales Executive,Indore
30,Rohan Sharma,22,Male,177.7,88.3,Software Engineer,Bengaluru
31,Simran Gupta,21,Male,178.2,73.5,Student,Indore
32,Kavya Singh,22,Female,172.8,67.8,Student,Delhi
33,Simran Kumar,33,Male,176.0,66.5,Data Analyst,Jaipur
34,Vikram Verma,32,Male,165.8,73.9,Data Analyst,Indore
35,Rahul Patel,55,Male,161.0,62.7,Teacher,Bhopal
36,Pooja Shah,53,Female,185.9,83.9,Sales Executive,Lucknow
37,Neha Yadav,49,Male,178.8,83.5,Lawyer,Mumbai
38,Aarav Gupta,31,Male,176.4,60.3,Software Engineer,Hyderabad
39,Aarav Patel,34,Female,178.7,76.8,Data Analyst,Bhopal
40,Sneha Kumar,48,Female,175.0,73.6,Sales Executive,Jaipur
41,Aman Verma,40,Female,171.6,65.6,Data Analyst,Pune
42,Karan Sharma,55,Female,169.8,62.5,Sales Executive,Bhopal
43,Aditya Jain,23,Male,169.5,68.9,Student,Jaipur
44,Pooja Yadav,25,Male,179.5,60.7,Student,Chennai
45,Priya Yadav,36,Female,179.1,63.1,Business Owner,Chennai
46,Karan Yadav,40,Female,168.5,67.4,Lawyer,Jaipur
47,Riya Mehta,18,Male,159.1,53.6,Student,Bengaluru
48,Sneha Verma,41,Female,183.5,67.1,Business Owner,Indore
49,Karan Patel,56,Female,175.7,60.9,Doctor,Jaipur
50,Anjali Sharma,24,Male,154.3,46.7,Accountant,Mumbai
51,Vivaan Gupta,47,Female,162.6,49.6,Teacher,Mumbai
52,Vikram Jain,32,Male,155.0,48.5,Data Analyst,Bhopal
53,Aman Yadav,44,Male,151.1,60.3,Business Owner,Delhi
54,Aman Verma,36,Male,179.1,68.1,Teacher,Bhopal
55,Aarav Mehta,36,Female,169.9,79.2,Software Engineer,Pune
56,Rahul Gupta,27,Female,184.5,64.2,Sales Executive,Hyderabad
57,Simran Verma,51,Male,169.5,62.7,Accountant,Bhopal
58,Sneha Jain,48,Female,172.5,63.8,Doctor,Bhopal
59,Rohan Verma,25,Female,182.9,91.4,Data Analyst,Jaipur
60,Pooja Mehta,37,Male,182.9,90.2,Business Owner,Bengaluru
61,Vivaan Jain,60,Male,154.6,58.2,Doctor,Delhi
62,Karan Sharma,19,Female,163.8,62.4,Student,Mumbai
63,Priya Mehta,40,Male,189.1,83.0,Sales Executive,Indore
64,Neha Gupta,42,Male,186.4,95.4,Teacher,Chennai
65,Priya Shah,28,Male,183.3,66.7,Business Owner,Hyderabad
66,Riya Patel,24,Male,157.3,61.9,Accountant,Pune
67,Aditya Mehta,24,Male,168.2,70.7,Designer,Chennai
68,Aditya Singh,51,Male,164.3,52.4,Doctor,Jaipur
69,Pooja Singh,21,Female,161.9,69.5,Student,Bengaluru
70,Simran Gupta,24,Female,184.9,83.6,Accountant,Pune
71,Vivaan Patel,53,Female,167.4,69.3,Sales Executive,Delhi
72,Riya Yadav,27,Male,185.7,77.3,Data Analyst,Mumbai
73,Arjun Kumar,25,Female,166.4,74.9,Student,Delhi
74,Rohan Mehta,53,Female,177.4,75.5,Business Owner,Hyderabad
75,Vikram Mehta,29,Female,162.6,55.8,Lawyer,Jaipur
76,Aarav Patel,50,Male,174.4,58.5,Teacher,Delhi
77,Rahul Patel,39,Female,170.4,67.8,Lawyer,Bengaluru
78,Arjun Verma,50,Male,164.7,74.6,Accountant,Bhopal
79,Priya Verma,25,Male,176.0,60.5,Teacher,Jaipur
80,Vikram Patel,54,Male,158.4,52.6,Business Owner,Chennai
81,Rohan Verma,21,Male,159.7,49.5,Student,Pune
82,Riya Verma,25,Male,151.2,62.9,Data Analyst,Indore
83,Vikram Verma,42,Female,173.2,62.6,Business Owner,Hyderabad
84,Neha Yadav,24,Male,150.3,43.4,Accountant,Chennai
85,Riya Patel,36,Male,168.6,70.6,Teacher,Jaipur
86,Rahul Sharma,23,Male,180.6,88.8,Designer,Hyderabad
87,Rohan Yadav,52,Male,183.0,70.9,Accountant,Indore
88,Vivaan Sharma,44,Female,158.3,63.9,Doctor,Jaipur
89,Kavya Mehta,59,Female,155.5,57.8,Teacher,Delhi
90,Rohan Jain,33,Female,176.5,74.4,Software Engineer,Lucknow
91,Sahil Verma,23,Male,182.2,71.9,Student,Jaipur
92,Arjun Sharma,31,Male,169.1,78.9,Data Analyst,Bengaluru
93,Simran Kumar,53,Male,155.5,54.8,Designer,Chennai
94,Sahil Kumar,29,Female,178.7,74.4,Lawyer,Hyderabad
95,Aman Kumar,43,Female,183.6,69.1,Business Owner,Bhopal
96,Sahil Verma,32,Female,181.0,72.1,Lawyer,Mumbai
97,Sahil Shah,38,Female,160.8,47.9,Software Engineer,Lucknow
98,Neha Jain,27,Male,186.2,84.2,Lawyer,Mumbai
99,Riya Jain,30,Female,158.8,69.8,Business Owner,Jaipur
100,Rahul Sharma,51,Male,178.2,80.8,Sales Executive,Hyderabad
101,Arjun Shah,39,Male,150.2,46.9,Teacher,Indore
102,Neha Singh,36,Female,181.8,65.0,Teacher,Bengaluru
103,Rohan Sharma,27,Male,188.6,75.7,Doctor,Jaipur
104,Sahil Yadav,28,Male,164.3,61.5,Software Engineer,Bhopal
105,Kavya Mehta,29,Female,189.4,84.4,Teacher,Jaipur
106,Rahul Gupta,35,Female,175.2,59.9,Sales Executive,Jaipur
107,Pooja Sharma,52,Female,180.1,77.7,Sales Executive,Chennai
108,Aditya Patel,52,Female,150.7,48.6,Designer,Bhopal
109,Karan Shah,47,Female,181.9,77.6,Doctor,Indore
110,Anjali Kumar,36,Male,160.1,51.0,Sales Executive,Delhi
111,Rahul Mehta,58,Female,177.9,66.8,Teacher,Indore
112,Arjun Verma,20,Male,173.0,59.3,Student,Pune
113,Rohan Gupta,31,Male,169.7,76.4,Data Analyst,Lucknow
114,Sahil Patel,34,Male,156.9,60.8,Accountant,Pune
115,Sneha Mehta,50,Female,169.8,78.9,Business Owner,Chennai
116,Vivaan Gupta,28,Male,153.7,63.5,Data Analyst,Pune
117,Rohan Kumar,31,Male,171.1,57.8,Business Owner,Lucknow
118,Vivaan Mehta,29,Female,173.8,73.2,Designer,Pune
119,Priya Verma,42,Male,173.6,77.9,Designer,Jaipur
120,Aarav Verma,24,Male,189.2,93.5,Sales Executive,Delhi
121,Karan Verma,37,Female,185.7,94.4,Teacher,Lucknow
122,Rohan Yadav,33,Female,167.1,71.4,Lawyer,Chennai
123,Vivaan Kumar,20,Male,169.6,78.2,Student,Hyderabad
124,Neha Patel,25,Female,157.9,46.7,Teacher,Indore
125,Simran Verma,38,Female,162.6,60.4,Business Owner,Bhopal
126,Priya Sharma,29,Male,175.5,59.2,Teacher,Bhopal
127,Priya Kumar,43,Female,188.7,84.4,Sales Executive,Chennai
128,Priya Jain,44,Male,153.1,54.8,Data Analyst,Hyderabad
129,Kavya Verma,23,Male,188.3,86.9,Data Analyst,Bengaluru
130,Pooja Gupta,55,Male,155.2,52.3,Sales Executive,Lucknow
131,Priya Singh,22,Male,172.5,76.5,Software Engineer,Delhi
132,Priya Patel,41,Male,189.2,75.2,Doctor,Pune
133,Anjali Kumar,43,Male,176.0,84.8,Data Analyst,Bhopal
134,Simran Patel,39,Female,174.8,78.4,Data Analyst,Delhi
135,Anjali Shah,51,Male,161.0,48.4,Doctor,Chennai
136,Vivaan Gupta,44,Male,155.1,51.5,Sales Executive,Bhopal
137,Arjun Kumar,31,Male,163.0,73.3,Sales Executive,Mumbai
138,Simran Jain,22,Male,166.1,58.7,Software Engineer,Hyderabad
139,Neha Kumar,19,Male,184.8,74.5,Student,Hyderabad
140,Rohan Singh,30,Male,186.2,88.1,Lawyer,Bengaluru
141,Sahil Mehta,31,Female,164.6,54.2,Data Analyst,Bhopal
142,Sahil Yadav,25,Female,156.5,50.4,Software Engineer,Jaipur
143,Pooja Jain,52,Male,171.6,59.5,Teacher,Lucknow
144,Arjun Yadav,28,Female,158.8,59.4,Business Owner,Mumbai
145,Vikram Gupta,22,Male,151.3,49.6,Student,Bhopal
146,Sahil Verma,39,Female,172.0,61.0,Accountant,Indore
147,Aditya Shah,38,Female,175.4,70.5,Lawyer,Lucknow
148,Arjun Jain,26,Male,164.1,63.5,Data Analyst,Bengaluru
149,Vivaan Sharma,32,Female,183.6,83.6,Accountant,Indore
150,Neha Shah,60,Female,160.9,65.0,Teacher,Pune
151,Vivaan Singh,29,Female,176.8,77.6,Data Analyst,Chennai
152,Anjali Gupta,21,Male,184.1,73.5,Student,Jaipur
153,Simran Mehta,42,Male,160.9,71.1,Teacher,Pune
154,Priya Jain,49,Male,167.5,77.6,Teacher,Delhi
155,Vivaan Sharma,21,Male,183.5,92.4,Student,Lucknow
156,Priya Mehta,30,Female,166.6,55.3,Data Analyst,Lucknow
157,Pooja Verma,48,Female,154.5,55.4,Designer,Bengaluru
158,Aarav Sharma,46,Male,169.4,78.1,Doctor,Lucknow
159,Kavya Singh,31,Female,155.0,56.7,Data Analyst,Chennai
160,Simran Sharma,31,Female,166.2,68.0,Software Engineer,Indore
161,Pooja Gupta,28,Male,151.5,54.0,Teacher,Pune
162,Pooja Kumar,38,Female,166.3,76.6,Software Engineer,Delhi
163,Aditya Gupta,48,Male,173.0,64.6,Lawyer,Mumbai
164,Arjun Sharma,31,Female,163.7,49.9,Software Engineer,Indore
165,Vivaan Shah,30,Male,168.9,63.4,Designer,Chennai
166,Rohan Yadav,62,Male,171.1,55.3,Business Owner,Bhopal
167,Pooja Shah,50,Male,189.8,74.1,Teacher,Delhi
168,Sahil Mehta,44,Male,179.2,70.4,Designer,Pune
169,Riya Mehta,28,Female,163.2,62.4,Software Engineer,Pune
170,Rahul Kumar,23,Male,151.5,47.1,Designer,Indore
171,Kavya Patel,33,Male,154.2,64.3,Business Owner,Hyderabad
172,Aman Jain,34,Female,166.9,76.4,Designer,Chennai
173,Karan Patel,47,Male,178.2,75.7,Business Owner,Hyderabad
174,Vivaan Yadav,48,Female,181.3,65.3,Sales Executive,Hyderabad
175,Rahul Kumar,23,Male,183.1,63.0,Sales Executive,Delhi
176,Riya Shah,46,Female,160.3,57.8,Sales Executive,Mumbai
177,Aditya Jain,55,Female,165.8,72.5,Doctor,Delhi
178,Aman Singh,34,Male,170.1,75.4,Teacher,Delhi
179,Anjali Gupta,23,Female,187.5,72.3,Software Engineer,Indore
180,Rohan Shah,44,Female,163.5,66.4,Sales Executive,Jaipur
181,Priya Yadav,26,Female,163.4,57.4,Data Analyst,Hyderabad
182,Kavya Yadav,37,Male,160.0,51.4,Doctor,Lucknow
183,Rahul Kumar,27,Male,187.9,94.3,Business Owner,Bhopal
184,Simran Verma,25,Male,189.0,83.1,Sales Executive,Bhopal
185,Sneha Singh,29,Female,184.3,90.7,Accountant,Hyderabad
186,Sahil Kumar,26,Female,171.7,63.6,Lawyer,Hyderabad
187,Priya Patel,54,Male,187.2,90.3,Lawyer,Delhi
188,Aditya Shah,60,Male,165.5,71.9,Teacher,Jaipur
189,Aditya Jain,31,Male,179.0,89.4,Sales Executive,Bengaluru
190,Priya Mehta,23,Female,167.7,59.1,Software Engineer,Bhopal
191,Arjun Verma,23,Male,173.8,81.6,Student,Bengaluru
192,Aditya Yadav,39,Male,182.4,63.0,Doctor,Jaipur
193,Pooja Patel,41,Female,167.5,52.9,Accountant,Jaipur
194,Vikram Mehta,60,Male,177.7,79.9,Business Owner,Pune
195,Vikram Kumar,35,Female,171.5,77.7,Business Owner,Hyderabad
196,Sahil Patel,51,Male,174.6,72.0,Sales Executive,Lucknow
197,Riya Shah,39,Female,156.1,67.5,Software Engineer,Lucknow
198,Kavya Mehta,24,Female,159.5,53.5,Student,Delhi
199,Vikram Verma,28,Male,183.2,82.8,Data Analyst,Lucknow
200,Priya Mehta,65,Male,188.0,75.5,Business Owner,Chennai
201,Riya Verma,40,Female,152.8,54.6,Accountant,Chennai
202,Aman Kumar,23,Female,178.8,83.4,Software Engineer,Lucknow
203,Vikram Jain,33,Female,168.8,76.2,Data Analyst,Delhi
204,Rohan Singh,24,Female,151.5,47.0,Designer,Lucknow
205,Kavya Verma,47,Male,152.4,58.4,Business Owner,Lucknow
206,Karan Singh,41,Male,184.9,91.3,Lawyer,Pune
207,Pooja Sharma,31,Male,181.6,63.6,Software Engineer,Mumbai
208,Karan Shah,36,Male,165.6,66.8,Accountant,Lucknow
209,Sahil Mehta,39,Male,154.6,64.0,Sales Executive,Indore
210,Rohan Verma,31,Female,175.0,64.6,Business Owner,Jaipur
211,Rahul Patel,48,Female,188.8,99.0,Doctor,Mumbai
212,Priya Sharma,22,Male,183.2,68.2,Designer,Bengaluru
213,Sahil Patel,47,Male,173.6,76.0,Designer,Mumbai
214,Pooja Yadav,29,Male,175.7,71.8,Lawyer,Bengaluru
215,Neha Verma,44,Male,181.3,91.3,Business Owner,Hyderabad
216,Riya Sharma,38,Female,174.2,66.2,Lawyer,Jaipur
217,Karan Jain,44,Female,179.8,81.5,Sales Executive,Delhi
218,Karan Yadav,50,Male,156.2,48.7,Designer,Delhi
219,Riya Gupta,26,Female,168.3,72.7,Designer,Bengaluru
220,Rahul Yadav,33,Male,174.9,62.0,Doctor,Indore
221,Arjun Singh,34,Female,176.8,71.5,Data Analyst,Bengaluru
222,Aman Mehta,33,Male,154.9,60.8,Software Engineer,Mumbai
223,Sneha Jain,43,Male,170.2,73.8,Designer,Bengaluru
224,Pooja Kumar,30,Male,179.0,84.2,Data Analyst,Indore
225,Pooja Jain,22,Male,168.6,73.3,Software Engineer,Hyderabad
226,Vivaan Yadav,41,Male,174.2,83.5,Teacher,Pune
227,Sahil Shah,43,Male,157.6,62.9,Accountant,Indore
228,Neha Yadav,43,Female,150.4,54.3,Teacher,Chennai
229,Vivaan Kumar,33,Male,171.9,70.4,Business Owner,Pune
230,Priya Jain,64,Male,187.2,67.2,Business Owner,Lucknow
231,Sneha Singh,36,Male,179.2,64.6,Accountant,Indore
232,Riya Singh,50,Female,170.2,80.7,Sales Executive,Pune
233,Vivaan Singh,47,Female,153.5,62.7,Designer,Chennai
234,Anjali Verma,29,Female,188.4,79.2,Software Engineer,Indore
235,Rohan Mehta,52,Male,171.6,78.1,Doctor,Indore
236,Anjali Gupta,52,Female,168.4,73.9,Accountant,Delhi
237,Arjun Shah,51,Female,176.8,67.9,Doctor,Chennai
238,Vivaan Mehta,40,Female,180.7,79.3,Teacher,Jaipur
239,Kavya Kumar,51,Female,179.6,77.9,Teacher,Lucknow
240,Karan Mehta,29,Male,178.6,84.8,Doctor,Jaipur
241,Aarav Singh,26,Male,180.6,82.1,Teacher,Lucknow
242,Pooja Jain,47,Male,158.2,49.7,Lawyer,Chennai
243,Karan Singh,60,Male,184.6,87.4,Business Owner,Lucknow
244,Priya Sharma,34,Male,153.9,63.1,Lawyer,Chennai
245,Neha Shah,31,Female,168.8,70.2,Designer,Mumbai
246,Priya Sharma,41,Female,151.6,59.8,Data Analyst,Hyderabad
247,Vivaan Singh,18,Male,150.5,43.5,Student,Bengaluru
248,Vikram Singh,32,Female,155.3,52.3,Accountant,Hyderabad
249,Arjun Kumar,49,Female,154.0,58.3,Designer,Bhopal
250,Karan Shah,23,Male,187.8,67.4,Student,Bhopal
251,Priya Jain,48,Male,158.5,69.7,Doctor,Delhi
252,Vivaan Shah,33,Male,156.3,53.3,Business Owner,Mumbai
253,Vikram Mehta,63,Female,151.5,62.1,Business Owner,Chennai
254,Sneha Yadav,44,Male,182.8,85.6,Teacher,Delhi
255,Priya Mehta,58,Male,159.1,69.0,Business Owner,Pune
256,Kavya Kumar,24,Male,175.4,67.0,Sales Executive,Indore
257,Aditya Jain,52,Female,180.3,90.9,Accountant,Indore
258,Vivaan Singh,34,Female,179.8,89.5,Data Analyst,Bhopal
259,Simran Mehta,36,Female,179.8,88.9,Lawyer,Mumbai
260,Aditya Verma,18,Male,157.6,54.1,Student,Hyderabad
261,Vivaan Mehta,24,Male,150.9,44.7,Sales Executive,Indore
262,Vivaan Shah,48,Female,155.8,61.6,Business Owner,Bhopal
263,Arjun Singh,53,Male,161.1,50.0,Sales Executive,Indore
264,Aarav Yadav,59,Male,185.7,91.9,Teacher,Chennai
265,Anjali Kumar,40,Male,167.4,55.2,Sales Executive,Bengaluru
266,Vikram Gupta,51,Male,180.7,72.3,Sales Executive,Delhi
267,Kavya Patel,53,Female,159.8,51.0,Designer,Bhopal
268,Kavya Jain,33,Female,175.4,63.9,Data Analyst,Bhopal
269,Aditya Gupta,30,Male,171.4,76.7,Software Engineer,Jaipur
270,Pooja Jain,23,Female,158.3,63.0,Software Engineer,Bhopal
271,Priya Sharma,20,Male,166.9,71.3,Student,Mumbai
272,Aditya Patel,34,Female,180.0,75.3,Software Engineer,Hyderabad
273,Arjun Shah,44,Male,187.7,74.5,Data Analyst,Mumbai
274,Vikram Verma,46,Female,159.6,68.6,Doctor,Bhopal
275,Pooja Gupta,46,Female,155.1,64.2,Accountant,Pune
276,Aditya Kumar,25,Female,186.3,76.7,Designer,Hyderabad
277,Aarav Patel,30,Female,184.6,75.3,Teacher,Hyderabad
278,Sneha Sharma,42,Male,158.9,53.4,Designer,Chennai
279,Kavya Yadav,25,Female,168.1,66.4,Business Owner,Hyderabad
280,Rahul Mehta,26,Female,176.2,64.6,Accountant,Indore
281,Sahil Shah,53,Male,166.3,51.9,Accountant,Mumbai
282,Riya Singh,47,Female,150.5,62.0,Teacher,Mumbai
283,Riya Gupta,30,Male,186.0,73.9,Doctor,Lucknow
284,Rahul Verma,43,Male,187.5,82.9,Doctor,Delhi
285,Sahil Gupta,34,Female,151.0,60.5,Teacher,Chennai
286,Arjun Sharma,33,Male,188.8,70.0,Accountant,Bhopal
287,Riya Mehta,53,Female,182.5,74.1,Doctor,Bhopal
288,Arjun Mehta,41,Male,153.7,55.2,Designer,Bhopal
289,Rohan Singh,45,Male,159.3,64.2,Teacher,Jaipur
290,Vivaan Singh,46,Male,183.0,80.8,Lawyer,Pune
291,Vivaan Patel,40,Male,155.6,49.1,Teacher,Jaipur
292,Kavya Verma,38,Female,171.6,63.4,Sales Executive,Jaipur
293,Aditya Patel,22,Male,168.7,76.1,Student,Mumbai
294,Riya Singh,39,Male,185.0,70.5,Teacher,Pune
295,Rohan Gupta,20,Female,156.7,50.5,Student,Bhopal
296,Aman Shah,18,Female,185.3,75.6,Student,Chennai
297,Aman Verma,55,Male,163.8,53.6,Doctor,Mumbai
298,Neha Kumar,41,Female,155.4,59.0,Doctor,Delhi
299,Rahul Patel,32,Female,173.7,64.8,Accountant,Hyderabad
300,Anjali Shah,54,Female,159.4,64.9,Teacher,Lucknow
301,Kavya Yadav,35,Female,173.9,74.7,Accountant,Pune
302,Karan Shah,47,Female,182.4,78.8,Teacher,Jaipur
303,Rohan Verma,25,Female,154.0,52.4,Student,Lucknow
304,Vikram Kumar,44,Male,166.0,69.7,Accountant,Indore
305,Rahul Verma,23,Female,162.3,61.9,Sales Executive,Bengaluru
306,Kavya Gupta,21,Male,161.3,49.7,Student,Chennai
307,Sneha Patel,28,Male,186.4,85.8,Doctor,Hyderabad
308,Rohan Gupta,24,Male,189.5,66.4,Software Engineer,Pune
309,Karan Patel,32,Female,162.5,65.3,Doctor,Lucknow
310,Kavya Singh,48,Male,189.1,83.4,Sales Executive,Lucknow
311,Karan Singh,43,Male,182.8,85.9,Sales Executive,Lucknow
312,Anjali Verma,59,Male,162.8,72.6,Doctor,Bengaluru
313,Riya Kumar,60,Male,156.2,67.0,Teacher,Bhopal
314,Vivaan Jain,25,Female,157.5,55.8,Student,Indore
315,Simran Kumar,47,Female,177.8,60.6,Sales Executive,Bengaluru
316,Rahul Shah,51,Male,151.8,47.4,Business Owner,Chennai
317,Riya Yadav,26,Male,178.8,85.8,Data Analyst,Chennai
318,Vikram Jain,25,Female,177.9,75.5,Student,Chennai
319,Sneha Patel,41,Male,187.6,78.1,Business Owner,Indore
320,Aman Singh,26,Male,179.8,62.4,Software Engineer,Lucknow
321,Anjali Kumar,42,Female,171.8,59.5,Sales Executive,Pune
322,Sahil Kumar,45,Male,189.8,67.7,Lawyer,Jaipur
323,Sneha Singh,30,Female,183.5,90.4,Software Engineer,Lucknow
324,Priya Gupta,30,Female,178.9,61.7,Business Owner,Lucknow
325,Riya Kumar,31,Female,161.1,70.5,Teacher,Bhopal
326,Arjun Patel,34,Male,186.4,88.7,Teacher,Mumbai
327,Sahil Verma,37,Male,151.9,42.9,Teacher,Chennai
328,Anjali Kumar,35,Male,150.7,59.4,Business Owner,Delhi
329,Pooja Singh,29,Female,165.4,73.4,Data Analyst,Jaipur
330,Pooja Gupta,39,Male,164.2,70.9,Teacher,Delhi
331,Riya Jain,22,Male,168.8,63.2,Sales Executive,Chennai
332,Rahul Jain,25,Female,177.9,69.9,Student,Mumbai
333,Vikram Mehta,53,Male,170.5,58.4,Business Owner,Hyderabad
334,Rohan Shah,19,Female,180.1,68.6,Student,Delhi
335,Aditya Jain,35,Female,166.6,54.0,Teacher,Indore
336,Rohan Shah,25,Female,176.5,66.2,Designer,Lucknow
337,Anjali Kumar,43,Female,162.5,53.5,Teacher,Delhi
338,Priya Singh,35,Male,184.3,71.7,Lawyer,Indore
339,Karan Gupta,28,Female,158.3,55.5,Data Analyst,Hyderabad
340,Sneha Jain,36,Male,161.8,59.2,Accountant,Lucknow
341,Anjali Jain,40,Female,183.9,90.6,Designer,Hyderabad
342,Aman Sharma,25,Male,156.7,55.5,Business Owner,Jaipur
343,Vikram Singh,38,Female,151.1,57.2,Designer,Delhi
344,Aarav Jain,39,Female,166.1,76.3,Lawyer,Lucknow
345,Priya Gupta,28,Male,171.6,75.7,Doctor,Bhopal
346,Aditya Patel,30,Female,159.0,58.5,Software Engineer,Indore
347,Aarav Kumar,40,Female,172.5,62.2,Designer,Bhopal
348,Simran Jain,34,Female,171.6,56.2,Accountant,Chennai
349,Karan Shah,22,Female,169.5,57.1,Accountant,Mumbai
350,Vivaan Verma,50,Female,167.8,57.0,Lawyer,Delhi
351,Priya Sharma,24,Female,175.7,85.3,Data Analyst,Pune
352,Anjali Shah,52,Female,171.3,59.8,Designer,Mumbai
353,Riya Singh,26,Female,169.9,69.1,Sales Executive,Mumbai
354,Anjali Sharma,44,Male,186.7,73.4,Teacher,Jaipur
355,Vikram Yadav,51,Male,186.2,74.4,Business Owner,Bengaluru
356,Anjali Verma,26,Male,152.3,47.4,Software Engineer,Hyderabad
357,Vivaan Sharma,25,Female,159.7,66.2,Data Analyst,Jaipur
358,Aman Jain,33,Male,175.8,77.5,Doctor,Bengaluru
359,Aditya Verma,36,Male,183.2,80.7,Accountant,Mumbai
360,Aarav Verma,27,Female,189.6,83.0,Software Engineer,Lucknow
361,Priya Singh,47,Female,188.8,76.3,Teacher,Mumbai
362,Sneha Singh,60,Male,185.1,80.7,Teacher,Delhi
363,Vivaan Patel,39,Male,156.5,57.3,Software Engineer,Mumbai
364,Simran Singh,33,Female,180.6,82.6,Software Engineer,Chennai
365,Simran Jain,27,Male,167.4,77.7,Doctor,Chennai
366,Vikram Jain,25,Male,158.0,46.4,Student,Delhi
367,Aditya Patel,48,Male,159.7,70.3,Doctor,Bengaluru
368,Karan Yadav,54,Male,172.0,74.9,Designer,Lucknow
369,Simran Verma,44,Female,172.0,82.8,Business Owner,Jaipur
370,Sahil Sharma,39,Female,179.8,71.9,Software Engineer,Delhi
371,Priya Patel,19,Female,189.6,68.4,Student,Bhopal
372,Karan Sharma,44,Male,178.0,71.8,Lawyer,Bhopal
373,Rohan Singh,41,Female,189.5,93.2,Doctor,Delhi
374,Vikram Shah,22,Male,166.0,68.3,Data Analyst,Bengaluru
375,Rohan Singh,48,Male,187.3,87.2,Sales Executive,Lucknow
376,Anjali Jain,24,Male,152.8,43.7,Software Engineer,Indore
377,Aman Gupta,24,Female,159.7,60.6,Software Engineer,Jaipur
378,Priya Verma,43,Female,176.4,70.4,Business Owner,Bhopal
379,Riya Mehta,39,Male,153.3,65.2,Data Analyst,Pune
380,Riya Sharma,29,Male,161.8,59.5,Teacher,Lucknow
381,Priya Yadav,40,Male,186.6,65.9,Lawyer,Bengaluru
382,Riya Kumar,31,Female,179.7,70.2,Software Engineer,Bhopal
383,Neha Jain,20,Male,151.2,50.2,Student,Mumbai
384,Simran Shah,25,Female,162.7,64.0,Lawyer,Chennai
385,Rohan Shah,39,Male,160.2,51.4,Designer,Mumbai
386,Aditya Kumar,33,Male,174.9,61.1,Accountant,Lucknow
387,Rohan Kumar,33,Female,156.5,60.1,Designer,Hyderabad
388,Simran Singh,26,Female,156.6,60.5,Software Engineer,Mumbai
389,Karan Shah,23,Female,189.4,88.7,Data Analyst,Lucknow
390,Sneha Yadav,49,Male,153.0,53.0,Business Owner,Chennai
391,Anjali Kumar,53,Male,153.0,59.1,Designer,Bengaluru
392,Anjali Singh,36,Male,181.5,91.4,Data Analyst,Lucknow
393,Simran Mehta,30,Male,186.5,79.8,Teacher,Chennai
394,Aditya Yadav,35,Female,156.6,62.6,Designer,Bhopal
395,Vikram Verma,37,Female,180.9,82.9,Sales Executive,Delhi
396,Neha Jain,29,Male,183.0,93.3,Sales Executive,Bhopal
397,Karan Singh,50,Female,179.6,89.0,Doctor,Pune
398,Vikram Shah,34,Male,151.7,45.5,Designer,Bhopal
399,Rahul Jain,26,Female,188.5,97.5,Data Analyst,Delhi
400,Sahil Sharma,49,Female,184.4,81.9,Doctor,Lucknow
401,Rohan Singh,54,Female,163.6,54.5,Designer,Lucknow
402,Sneha Shah,54,Male,157.3,57.8,Sales Executive,Indore
403,Kavya Gupta,25,Male,168.4,66.0,Teacher,Delhi
404,Rahul Jain,49,Male,160.5,53.9,Doctor,Mumbai
405,Kavya Jain,19,Female,169.4,61.6,Student,Chennai
406,Riya Shah,40,Male,164.4,68.0,Lawyer,Lucknow
407,Aarav Patel,31,Female,186.3,78.7,Software Engineer,Delhi
408,Pooja Patel,33,Male,150.9,53.7,Teacher,Indore
409,Simran Verma,40,Male,154.4,57.0,Lawyer,Mumbai
410,Vivaan Jain,26,Female,177.0,59.1,Lawyer,Hyderabad
411,Priya Gupta,39,Female,152.0,58.0,Software Engineer,Pune
412,Priya Singh,38,Female,157.7,67.7,Business Owner,Pune
413,Aditya Verma,47,Female,189.4,96.6,Sales Executive,Chennai
414,Riya Shah,39,Male,166.6,68.6,Data Analyst,Indore
415,Simran Sharma,62,Female,162.3,69.3,Business Owner,Chennai
416,Neha Shah,30,Female,176.0,86.0,Lawyer,Lucknow
417,Aditya Kumar,35,Female,179.4,78.8,Lawyer,Mumbai
418,Aditya Gupta,26,Female,164.3,50.6,Lawyer,Pune
419,Riya Gupta,28,Male,161.8,66.5,Business Owner,Hyderabad
420,Aman Sharma,26,Female,163.4,68.3,Teacher,Bengaluru
421,Rahul Yadav,28,Female,183.0,64.9,Software Engineer,Bengaluru
422,Sahil Verma,45,Male,164.2,71.5,Data Analyst,Mumbai
423,Vivaan Singh,33,Male,170.0,70.6,Data Analyst,Bengaluru
424,Sahil Gupta,25,Male,172.9,62.0,Lawyer,Pune
425,Priya Patel,34,Male,170.3,65.3,Doctor,Mumbai
426,Aarav Gupta,43,Female,151.4,57.3,Sales Executive,Bengaluru
427,Rohan Gupta,29,Female,172.0,73.7,Teacher,Mumbai
428,Anjali Verma,23,Male,179.8,72.7,Student,Chennai
429,Aarav Mehta,36,Male,155.9,63.0,Data Analyst,Bhopal
430,Anjali Yadav,25,Male,163.4,53.7,Software Engineer,Bhopal
431,Rohan Shah,26,Male,177.8,69.9,Data Analyst,Jaipur
432,Neha Mehta,53,Female,167.6,68.8,Accountant,Lucknow
433,Kavya Jain,36,Male,173.9,67.7,Lawyer,Indore
434,Vikram Kumar,49,Female,154.1,64.2,Teacher,Delhi
435,Aman Jain,34,Male,183.7,63.5,Teacher,Mumbai
436,Aditya Mehta,51,Female,175.8,83.7,Sales Executive,Delhi
437,Aditya Sharma,26,Female,181.8,64.5,Designer,Indore
438,Vikram Gupta,55,Male,162.1,67.0,Doctor,Bengaluru
439,Anjali Sharma,55,Male,189.5,71.1,Teacher,Bhopal
440,Priya Singh,44,Female,153.6,52.9,Data Analyst,Chennai
441,Karan Mehta,49,Male,173.6,56.8,Sales Executive,Pune
442,Riya Singh,29,Female,168.7,53.3,Teacher,Jaipur
443,Rohan Gupta,28,Male,150.4,53.5,Accountant,Delhi
444,Pooja Sharma,31,Female,181.3,82.2,Teacher,Indore
445,Vikram Gupta,25,Male,169.0,58.6,Business Owner,Pune
446,Riya Gupta,21,Male,186.6,79.2,Student,Bengaluru
447,Aditya Jain,43,Female,169.6,67.4,Teacher,Mumbai
448,Vivaan Sharma,45,Female,151.4,61.8,Teacher,Chennai
449,Aarav Gupta,29,Female,189.8,70.6,Accountant,Indore
450,Sneha Singh,23,Female,165.6,70.4,Sales Executive,Lucknow
451,Rohan Kumar,48,Female,185.4,78.6,Designer,Pune
452,Arjun Gupta,40,Female,182.4,82.3,Business Owner,Pune
453,Arjun Singh,45,Male,187.4,92.2,Accountant,Lucknow
454,Aarav Mehta,30,Male,189.9,92.3,Sales Executive,Pune
455,Priya Gupta,23,Male,184.8,72.0,Software Engineer,Lucknow
456,Vikram Jain,52,Male,163.3,72.0,Designer,Delhi
457,Sneha Yadav,24,Female,166.8,55.4,Student,Mumbai
458,Rohan Singh,38,Female,168.5,74.4,Data Analyst,Lucknow
459,Aman Verma,29,Male,155.9,50.7,Data Analyst,Bengaluru
460,Pooja Jain,34,Female,164.5,54.5,Accountant,Lucknow
461,Anjali Singh,58,Female,155.4,60.8,Teacher,Delhi
462,Sahil Verma,50,Male,183.4,64.3,Designer,Bengaluru
463,Rahul Sharma,23,Male,171.4,64.8,Software Engineer,Lucknow
464,Sneha Verma,38,Female,153.1,54.0,Sales Executive,Indore
465,Aditya Patel,58,Male,168.0,68.6,Teacher,Jaipur
466,Anjali Shah,50,Female,167.7,55.2,Sales Executive,Hyderabad
467,Priya Shah,38,Female,182.2,73.2,Lawyer,Delhi
468,Aarav Yadav,36,Male,177.0,60.6,Software Engineer,Pune
469,Anjali Gupta,43,Male,182.3,68.2,Accountant,Jaipur
470,Rahul Sharma,24,Female,153.7,53.9,Software Engineer,Mumbai
471,Rahul Jain,37,Male,178.8,60.0,Accountant,Bengaluru
472,Vikram Patel,30,Male,155.8,49.0,Designer,Mumbai
473,Vikram Sharma,50,Male,157.7,47.3,Doctor,Hyderabad
474,Rahul Jain,40,Male,157.2,69.2,Software Engineer,Hyderabad
475,Sneha Jain,20,Male,154.0,56.0,Student,Delhi
476,Vikram Sharma,45,Female,158.1,49.8,Doctor,Lucknow
477,Kavya Patel,23,Male,158.4,64.7,Accountant,Indore
478,Vivaan Singh,33,Male,180.0,77.8,Business Owner,Delhi
479,Priya Sharma,35,Male,177.5,67.3,Data Analyst,Hyderabad
480,Aman Mehta,33,Male,182.1,86.8,Teacher,Delhi
481,Rohan Yadav,31,Male,186.7,73.8,Data Analyst,Delhi
482,Simran Gupta,24,Female,174.3,81.8,Student,Bhopal
483,Arjun Gupta,20,Female,165.7,61.4,Student,Mumbai
484,Karan Mehta,26,Female,176.6,77.1,Data Analyst,Hyderabad
485,Neha Mehta,24,Female,180.4,78.1,Accountant,Lucknow
486,Neha Kumar,31,Female,174.6,64.4,Software Engineer,Mumbai
487,Arjun Shah,27,Male,174.6,66.3,Lawyer,Pune
488,Sahil Mehta,25,Male,151.3,56.1,Software Engineer,Bhopal
489,Simran Gupta,33,Male,154.4,55.2,Accountant,Bhopal
490,Pooja Jain,24,Female,185.0,88.3,Accountant,Pune
491,Kavya Yadav,27,Male,183.3,65.3,Accountant,Mumbai
492,Priya Shah,25,Male,155.1,56.1,Student,Bhopal
493,Simran Patel,43,Female,180.5,84.9,Accountant,Delhi
494,Neha Shah,30,Male,168.8,64.4,Software Engineer,Mumbai
495,Aditya Sharma,38,Male,158.2,63.1,Business Owner,Lucknow
496,Rohan Yadav,27,Male,179.7,61.1,Doctor,Indore
497,Vivaan Jain,21,Female,183.1,82.6,Student,Indore
498,Pooja Sharma,25,Male,176.0,70.9,Teacher,Pune
499,Riya Shah,33,Female,159.1,47.9,Designer,Lucknow
500,Karan Mehta,44,Male,175.2,66.5,Data Analyst,Bengaluru
501,Riya Gupta,39,Female,188.2,91.3,Designer,Delhi
502,Karan Gupta,37,Male,188.5,91.5,Data Analyst,Chennai
503,Aman Mehta,33,Female,189.6,91.7,Business Owner,Lucknow
504,Rohan Patel,52,Female,175.6,78.3,Teacher,Chennai
505,Pooja Jain,48,Male,174.4,70.1,Accountant,Delhi
506,Neha Yadav,32,Male,156.9,58.4,Business Owner,Bhopal
507,Rahul Yadav,52,Female,153.9,51.0,Business Owner,Lucknow
508,Rohan Mehta,28,Female,161.1,56.9,Business Owner,Jaipur
509,Vivaan Gupta,33,Male,181.8,92.2,Data Analyst,Bhopal
510,Vikram Gupta,25,Female,177.7,59.3,Data Analyst,Delhi
511,Vikram Patel,44,Female,174.4,67.7,Designer,Pune
512,Vivaan Singh,43,Female,175.0,62.7,Teacher,Bengaluru
513,Karan Patel,43,Male,185.1,64.7,Doctor,Delhi
514,Vikram Kumar,37,Male,157.6,47.0,Software Engineer,Lucknow
515,Anjali Shah,47,Female,178.1,87.0,Lawyer,Lucknow
516,Sahil Shah,46,Female,156.5,66.8,Sales Executive,Bhopal
517,Vivaan Patel,43,Male,181.2,73.0,Accountant,Delhi
518,Vikram Yadav,41,Male,181.0,72.9,Designer,Delhi
519,Aman Shah,27,Female,179.7,69.1,Accountant,Jaipur
520,Anjali Patel,27,Male,166.3,61.9,Data Analyst,Delhi
521,Neha Singh,54,Female,184.9,80.0,Designer,Chennai
522,Rohan Yadav,26,Female,183.6,93.3,Business Owner,Pune
523,Vikram Kumar,54,Female,182.3,72.4,Designer,Hyderabad
524,Riya Kumar,31,Female,151.3,44.3,Software Engineer,Bengaluru
525,Vikram Yadav,18,Male,169.0,66.3,Student,Pune
526,Aditya Mehta,59,Female,157.6,66.5,Business Owner,Jaipur
527,Aarav Kumar,43,Female,174.1,60.0,Designer,Mumbai
528,Priya Singh,39,Female,173.7,64.4,Doctor,Pune
529,Rohan Sharma,22,Female,170.0,59.0,Student,Chennai
530,Riya Singh,34,Female,185.3,94.4,Teacher,Mumbai
531,Aman Kumar,22,Female,174.6,84.8,Accountant,Jaipur
532,Anjali Singh,29,Female,151.4,58.8,Teacher,Hyderabad
533,Simran Jain,44,Female,183.8,76.6,Data Analyst,Indore
534,Priya Jain,34,Female,182.9,76.2,Designer,Pune
535,Pooja Mehta,20,Male,168.8,77.4,Student,Lucknow
536,Priya Shah,35,Female,158.5,58.8,Accountant,Lucknow
537,Riya Patel,37,Female,172.5,64.5,Designer,Bhopal
538,Simran Yadav,36,Female,184.9,92.4,Lawyer,Hyderabad
539,Kavya Shah,37,Female,156.2,48.0,Data Analyst,Delhi
540,Sneha Singh,52,Male,155.0,57.9,Teacher,Jaipur
541,Neha Gupta,44,Female,155.1,66.8,Data Analyst,Lucknow
542,Arjun Singh,21,Male,174.9,64.6,Student,Delhi
543,Rohan Patel,42,Female,157.7,58.0,Lawyer,Lucknow
544,Neha Mehta,39,Male,168.7,55.7,Data Analyst,Chennai
545,Riya Mehta,55,Female,154.7,48.1,Doctor,Jaipur
546,Sneha Jain,37,Female,162.5,73.6,Doctor,Chennai
547,Anjali Shah,20,Female,152.2,62.1,Student,Lucknow
548,Vivaan Verma,28,Female,163.0,54.7,Sales Executive,Hyderabad
549,Neha Mehta,50,Female,158.8,61.4,Accountant,Jaipur
550,Rahul Gupta,36,Male,161.1,67.5,Software Engineer,Bhopal
551,Vivaan Jain,40,Female,159.4,48.8,Sales Executive,Pune
552,Neha Mehta,25,Female,161.3,57.0,Data Analyst,Bhopal
553,Priya Gupta,55,Male,177.9,79.3,Designer,Hyderabad
554,Rohan Singh,40,Female,159.9,57.2,Software Engineer,Bhopal
555,Aman Mehta,30,Male,178.7,62.0,Software Engineer,Chennai
556,Simran Mehta,45,Male,179.2,78.8,Business Owner,Mumbai
557,Karan Singh,41,Female,156.1,67.3,Business Owner,Indore
558,Rahul Shah,38,Male,189.5,75.2,Accountant,Bengaluru
559,Sahil Verma,36,Male,160.0,61.7,Business Owner,Chennai
560,Simran Mehta,29,Female,164.3,67.2,Data Analyst,Jaipur
561,Sahil Sharma,44,Female,176.8,76.6,Designer,Hyderabad
562,Pooja Yadav,18,Male,165.3,74.5,Student,Hyderabad
563,Karan Jain,25,Male,169.4,64.9,Accountant,Lucknow
564,Priya Gupta,25,Male,151.5,52.9,Software Engineer,Bhopal
565,Kavya Patel,24,Female,167.8,76.2,Lawyer,Chennai
566,Kavya Mehta,48,Female,154.8,64.7,Teacher,Mumbai
567,Sahil Gupta,41,Female,180.6,69.4,Lawyer,Pune
568,Sneha Sharma,55,Female,152.2,52.8,Sales Executive,Bengaluru
569,Anjali Mehta,34,Male,151.9,62.5,Lawyer,Lucknow
570,Pooja Jain,26,Male,179.1,71.7,Business Owner,Mumbai
571,Neha Verma,55,Male,189.3,99.6,Accountant,Pune
572,Karan Patel,54,Female,167.3,62.9,Teacher,Hyderabad
573,Sneha Shah,40,Female,151.6,50.9,Teacher,Indore
574,Vikram Singh,24,Female,176.3,84.4,Software Engineer,Pune
575,Aditya Jain,38,Male,160.9,67.9,Lawyer,Chennai
576,Vikram Gupta,26,Female,167.2,75.5,Accountant,Pune
577,Anjali Singh,19,Female,156.0,50.9,Student,Chennai
578,Simran Gupta,40,Male,174.4,75.5,Teacher,Chennai
579,Priya Jain,26,Female,174.4,72.6,Designer,Lucknow
580,Aditya Singh,32,Female,175.3,74.1,Lawyer,Mumbai
581,Sahil Shah,29,Male,170.7,69.0,Business Owner,Delhi
582,Karan Jain,65,Male,171.7,63.8,Business Owner,Delhi
583,Karan Verma,28,Male,175.7,79.8,Software Engineer,Jaipur
584,Rahul Shah,43,Female,155.6,61.3,Designer,Chennai
585,Sneha Mehta,34,Female,175.8,77.5,Data Analyst,Pune
586,Aarav Singh,18,Female,157.1,54.7,Student,Bengaluru
587,Rohan Verma,45,Male,161.3,69.6,Doctor,Hyderabad
588,Aditya Patel,44,Male,169.8,66.7,Accountant,Lucknow
589,Neha Singh,37,Male,153.5,64.1,Lawyer,Mumbai
590,Arjun Mehta,39,Female,160.3,61.2,Lawyer,Bhopal
591,Aman Sharma,33,Female,184.2,66.4,Designer,Bhopal
592,Kavya Patel,25,Female,163.4,63.5,Student,Pune
593,Neha Yadav,51,Female,171.2,55.9,Doctor,Lucknow
594,Neha Mehta,55,Female,180.5,87.1,Teacher,Pune
595,Rohan Sharma,48,Male,179.8,80.1,Lawyer,Pune
596,Aditya Shah,55,Female,175.4,79.4,Business Owner,Mumbai
597,Rahul Yadav,44,Female,180.2,74.7,Teacher,Delhi
598,Aditya Kumar,54,Male,171.0,72.8,Lawyer,Lucknow
599,Riya Jain,29,Male,174.0,69.3,Doctor,Bhopal
600,Rahul Kumar,42,Female,168.6,54.1,Doctor,Pune
601,Neha Kumar,27,Male,178.7,73.6,Software Engineer,Mumbai
602,Riya Kumar,48,Male,177.9,58.7,Doctor,Jaipur
603,Simran Shah,29,Female,153.9,51.8,Doctor,Mumbai
604,Vikram Verma,26,Female,153.5,51.5,Business Owner,Chennai
605,Vikram Sharma,26,Female,179.4,88.1,Business Owner,Lucknow
606,Sahil Yadav,19,Male,152.3,60.2,Student,Bhopal
607,Neha Shah,22,Male,183.2,71.9,Data Analyst,Hyderabad
608,Anjali Patel,63,Female,160.5,58.0,Business Owner,Bengaluru
609,Aarav Shah,44,Male,166.9,56.6,Accountant,Mumbai
610,Anjali Singh,40,Female,167.3,58.3,Software Engineer,Mumbai
611,Aditya Yadav,50,Male,186.1,94.5,Teacher,Chennai
612,Simran Sharma,58,Female,151.1,42.4,Doctor,Bhopal
613,Aman Yadav,32,Female,165.8,60.9,Data Analyst,Bengaluru
614,Kavya Kumar,22,Female,169.1,59.7,Student,Lucknow
615,Aarav Kumar,54,Female,152.6,59.0,Doctor,Pune
616,Aditya Mehta,28,Female,184.1,63.7,Business Owner,Hyderabad
617,Rohan Sharma,23,Female,151.7,61.3,Student,Delhi
618,Rohan Gupta,25,Male,180.2,89.0,Lawyer,Hyderabad
619,Sneha Jain,36,Male,182.6,92.2,Doctor,Pune
620,Aarav Verma,44,Male,185.0,66.2,Data Analyst,Bengaluru
621,Simran Gupta,45,Female,172.2,79.6,Business Owner,Bhopal
622,Aarav Singh,28,Female,156.3,54.6,Sales Executive,Hyderabad
623,Anjali Shah,46,Male,172.8,61.7,Accountant,Lucknow
624,Sneha Kumar,30,Male,150.4,50.8,Software Engineer,Jaipur
625,Aditya Mehta,48,Male,151.8,44.0,Designer,Bhopal
626,Karan Gupta,47,Male,165.4,54.1,Sales Executive,Hyderabad
627,Anjali Shah,34,Male,155.0,51.1,Software Engineer,Delhi
628,Aman Patel,32,Male,151.7,43.8,Designer,Mumbai
629,Sneha Patel,24,Female,179.8,68.2,Sales Executive,Pune
630,Karan Mehta,40,Female,184.7,69.9,Data Analyst,Mumbai
631,Anjali Yadav,55,Female,150.2,44.4,Business Owner,Bengaluru
632,Rahul Mehta,55,Male,177.2,80.6,Sales Executive,Jaipur
633,Riya Yadav,22,Female,162.3,60.2,Student,Pune
634,Aditya Yadav,22,Male,161.8,70.6,Student,Pune
635,Sneha Gupta,35,Male,150.0,55.6,Designer,Pune
636,Kavya Gupta,59,Male,164.9,53.9,Teacher,Chennai
637,Vikram Gupta,46,Male,188.6,90.8,Sales Executive,Hyderabad
638,Priya Kumar,30,Male,157.7,58.0,Lawyer,Hyderabad
639,Neha Yadav,30,Male,179.8,81.0,Lawyer,Pune
640,Aarav Yadav,39,Male,173.2,74.3,Software Engineer,Pune
641,Neha Kumar,55,Male,174.2,58.5,Doctor,Lucknow
642,Karan Yadav,42,Male,151.1,50.0,Designer,Chennai
643,Pooja Verma,34,Female,150.5,54.5,Data Analyst,Lucknow
644,Aarav Shah,31,Male,174.9,65.0,Software Engineer,Chennai
645,Priya Patel,24,Female,153.5,52.0,Designer,Hyderabad
646,Sneha Patel,31,Female,160.3,61.9,Accountant,Jaipur
647,Vikram Mehta,46,Female,187.4,65.3,Sales Executive,Hyderabad
648,Neha Singh,49,Male,152.5,62.7,Designer,Jaipur
649,Karan Verma,60,Female,162.2,54.5,Doctor,Lucknow
650,Priya Jain,53,Female,183.3,82.0,Lawyer,Bengaluru
651,Sneha Mehta,51,Male,166.7,60.9,Sales Executive,Bhopal
652,Vikram Verma,31,Female,181.2,89.3,Sales Executive,Chennai
653,Rohan Gupta,27,Male,150.3,45.8,Software Engineer,Pune
654,Sneha Singh,25,Male,181.5,80.4,Software Engineer,Chennai
655,Anjali Kumar,44,Male,151.5,44.4,Data Analyst,Jaipur
656,Aman Patel,48,Female,176.8,69.2,Accountant,Mumbai
657,Rohan Jain,50,Female,176.5,67.1,Designer,Hyderabad
658,Anjali Kumar,38,Female,159.9,55.8,Teacher,Bhopal
659,Vikram Verma,37,Female,170.3,54.7,Software Engineer,Bhopal
660,Aditya Verma,19,Male,188.4,90.2,Student,Pune
661,Karan Jain,27,Male,170.2,68.1,Designer,Pune
662,Pooja Mehta,27,Male,189.6,94.3,Accountant,Jaipur
663,Karan Patel,25,Female,175.3,80.0,Accountant,Jaipur
664,Sneha Mehta,42,Female,154.3,61.5,Data Analyst,Lucknow
665,Aditya Sharma,34,Female,189.8,99.8,Sales Executive,Delhi
666,Karan Singh,54,Female,185.1,80.4,Doctor,Chennai
667,Vivaan Mehta,32,Female,177.0,65.2,Data Analyst,Jaipur
668,Sahil Sharma,54,Female,169.1,54.2,Business Owner,Bhopal
669,Aditya Sharma,30,Male,179.2,86.5,Software Engineer,Pune
670,Neha Verma,58,Female,173.7,56.2,Business Owner,Bhopal
671,Sneha Sharma,28,Female,166.9,68.3,Accountant,Hyderabad
672,Rohan Mehta,28,Female,165.7,64.9,Data Analyst,Bengaluru
673,Vikram Gupta,24,Male,153.5,47.4,Lawyer,Bengaluru
674,Rahul Patel,32,Female,158.8,68.3,Designer,Pune
675,Sneha Gupta,37,Female,153.1,54.7,Accountant,Jaipur
676,Aarav Singh,45,Male,166.6,70.4,Business Owner,Hyderabad
677,Vivaan Singh,24,Male,163.1,63.7,Student,Chennai
678,Vivaan Jain,25,Female,170.4,66.2,Designer,Bengaluru
679,Sneha Mehta,45,Male,159.3,55.8,Designer,Chennai
680,Vivaan Jain,58,Male,159.1,46.9,Teacher,Jaipur
681,Aarav Shah,25,Female,185.2,86.5,Sales Executive,Jaipur
682,Riya Mehta,31,Female,162.4,59.5,Doctor,Delhi
683,Anjali Verma,35,Male,172.4,64.7,Business Owner,Pune
684,Sneha Jain,34,Male,173.5,74.8,Data Analyst,Jaipur
685,Riya Jain,21,Male,188.6,87.2,Student,Pune
686,Vikram Mehta,25,Female,153.2,50.5,Student,Delhi
687,Rohan Patel,36,Male,180.7,90.5,Software Engineer,Delhi
688,Aman Sharma,32,Male,171.3,76.9,Doctor,Bengaluru
689,Sahil Yadav,34,Male,151.5,52.4,Teacher,Bhopal
690,Rahul Sharma,28,Male,161.2,70.3,Data Analyst,Hyderabad
691,Pooja Mehta,18,Male,182.1,64.7,Student,Delhi
692,Priya Kumar,34,Male,171.7,81.2,Accountant,Delhi
693,Pooja Verma,46,Male,180.0,62.7,Accountant,Mumbai
694,Sahil Gupta,60,Male,177.3,61.0,Doctor,Bhopal
695,Aman Yadav,27,Male,169.7,74.4,Software Engineer,Mumbai
696,Aditya Verma,32,Male,155.1,56.2,Accountant,Jaipur
697,Karan Kumar,20,Male,150.8,45.5,Student,Delhi
698,Simran Jain,30,Male,168.2,77.0,Sales Executive,Indore
699,Vikram Sharma,41,Male,156.6,65.9,Sales Executive,Bengaluru
700,Sneha Jain,39,Female,170.9,79.7,Sales Executive,Bengaluru
701,Vikram Shah,29,Male,184.5,89.2,Doctor,Lucknow
702,Neha Mehta,34,Male,155.4,46.6,Doctor,Indore
703,Aman Mehta,32,Male,187.9,80.2,Accountant,Bhopal
704,Anjali Jain,53,Male,183.4,78.8,Doctor,Bhopal
705,Priya Singh,39,Female,164.8,56.5,Software Engineer,Jaipur
706,Aarav Mehta,31,Female,153.9,59.8,Doctor,Delhi
707,Aarav Verma,36,Male,165.0,65.4,Business Owner,Indore
708,Vikram Verma,37,Male,155.1,53.7,Doctor,Bhopal
709,Rohan Sharma,23,Female,161.6,56.5,Student,Hyderabad
710,Vikram Jain,23,Female,175.2,62.5,Lawyer,Bengaluru
711,Riya Patel,29,Female,172.6,80.3,Business Owner,Pune
712,Simran Verma,45,Male,160.3,51.9,Lawyer,Bengaluru
713,Sneha Patel,22,Male,186.6,65.3,Student,Indore
714,Anjali Yadav,49,Female,159.5,54.7,Sales Executive,Pune
715,Simran Kumar,26,Female,169.5,59.2,Software Engineer,Bengaluru
716,Neha Kumar,39,Female,152.6,58.2,Software Engineer,Hyderabad
717,Sneha Kumar,36,Male,184.8,79.0,Doctor,Bengaluru
718,Neha Gupta,31,Male,170.9,58.3,Accountant,Mumbai
719,Simran Yadav,22,Female,153.9,45.5,Software Engineer,Pune
720,Rohan Verma,30,Female,176.2,84.6,Teacher,Pune
721,Arjun Yadav,28,Female,183.4,84.0,Lawyer,Indore
722,Riya Patel,55,Female,183.9,81.2,Designer,Pune
723,Aarav Jain,20,Male,184.9,68.1,Student,Hyderabad
724,Anjali Jain,25,Male,161.7,59.0,Data Analyst,Chennai
725,Neha Kumar,20,Female,154.9,67.2,Student,Chennai
726,Neha Patel,52,Female,166.7,74.3,Sales Executive,Hyderabad
727,Aman Yadav,39,Male,174.5,62.2,Data Analyst,Indore
728,Aman Shah,34,Male,187.8,85.1,Software Engineer,Pune
729,Aditya Singh,25,Female,158.5,51.3,Software Engineer,Chennai
730,Vikram Jain,30,Female,180.0,73.6,Accountant,Bengaluru
731,Aarav Verma,39,Female,178.4,89.0,Designer,Bengaluru
732,Priya Shah,33,Female,188.4,96.8,Data Analyst,Mumbai
733,Arjun Yadav,42,Male,185.7,78.5,Data Analyst,Lucknow
734,Rohan Sharma,38,Male,158.6,48.8,Doctor,Lucknow
735,Kavya Yadav,34,Male,158.5,58.2,Lawyer,Bhopal
736,Kavya Sharma,51,Male,150.7,50.3,Sales Executive,Delhi
737,Rohan Jain,27,Female,188.5,95.5,Lawyer,Hyderabad
738,Anjali Mehta,37,Male,176.7,59.2,Lawyer,Chennai
739,Neha Jain,39,Male,173.1,68.4,Doctor,Lucknow
740,Neha Singh,40,Male,160.5,59.4,Data Analyst,Delhi
741,Riya Yadav,52,Female,156.1,45.7,Lawyer,Jaipur
742,Aman Singh,40,Female,180.9,76.1,Lawyer,Delhi
743,Aman Sharma,35,Male,170.0,55.6,Teacher,Lucknow
744,Aarav Jain,29,Male,170.3,72.0,Software Engineer,Chennai
745,Neha Kumar,39,Male,179.6,70.0,Designer,Pune
746,Arjun Jain,52,Female,162.2,57.9,Business Owner,Delhi
747,Kavya Kumar,38,Male,189.2,86.0,Teacher,Hyderabad
748,Karan Singh,27,Male,151.9,63.9,Teacher,Chennai
749,Neha Singh,38,Female,179.0,84.2,Lawyer,Lucknow
750,Priya Jain,47,Female,184.3,89.1,Business Owner,Jaipur
751,Anjali Singh,49,Female,166.7,55.6,Sales Executive,Bhopal
752,Priya Kumar,30,Male,171.0,64.0,Teacher,Bengaluru
753,Aman Gupta,37,Female,160.1,48.9,Accountant,Mumbai
754,Rahul Yadav,50,Female,163.2,72.2,Sales Executive,Delhi
755,Aditya Singh,41,Female,185.7,74.4,Sales Executive,Indore
756,Aman Jain,50,Female,150.5,57.0,Accountant,Pune
757,Aditya Shah,60,Male,182.3,81.3,Teacher,Pune
758,Karan Patel,59,Female,160.4,48.4,Doctor,Lucknow
759,Sahil Kumar,48,Female,164.9,75.3,Business Owner,Pune
760,Sahil Shah,22,Male,162.3,58.9,Sales Executive,Jaipur
761,Kavya Shah,46,Male,164.7,55.4,Business Owner,Hyderabad
762,Karan Sharma,53,Male,172.9,76.6,Designer,Delhi
763,Priya Singh,29,Male,158.3,61.7,Software Engineer,Mumbai
764,Karan Singh,38,Male,152.1,53.2,Accountant,Bhopal
765,Priya Mehta,47,Male,176.3,86.6,Business Owner,Lucknow
766,Neha Sharma,26,Female,187.8,71.1,Sales Executive,Lucknow
767,Karan Shah,34,Female,160.2,68.1,Sales Executive,Bengaluru
768,Neha Mehta,38,Male,180.3,74.3,Doctor,Mumbai
769,Priya Shah,34,Male,183.3,68.1,Teacher,Chennai
770,Neha Patel,40,Female,179.5,65.1,Doctor,Delhi
771,Rohan Yadav,50,Male,155.3,56.3,Designer,Chennai
772,Aditya Yadav,52,Male,175.6,64.2,Sales Executive,Indore
773,Vikram Gupta,42,Female,172.5,58.5,Doctor,Pune
774,Arjun Shah,25,Female,157.1,48.5,Student,Bengaluru
775,Kavya Patel,55,Male,177.5,66.3,Designer,Chennai
776,Aditya Gupta,36,Female,183.5,65.7,Doctor,Bengaluru
777,Arjun Kumar,28,Male,181.4,74.7,Data Analyst,Mumbai
778,Rahul Shah,34,Female,175.1,67.3,Business Owner,Mumbai
779,Rohan Verma,30,Female,168.2,63.3,Software Engineer,Bengaluru
780,Aarav Shah,25,Female,170.5,76.9,Software Engineer,Indore
781,Pooja Yadav,25,Female,169.4,72.9,Student,Delhi
782,Anjali Gupta,25,Female,168.1,65.6,Lawyer,Lucknow
783,Kavya Singh,41,Male,161.3,59.8,Lawyer,Lucknow
784,Arjun Gupta,30,Female,181.2,76.7,Doctor,Bengaluru
785,Anjali Patel,58,Female,156.1,48.9,Business Owner,Bengaluru
786,Riya Verma,28,Female,184.5,92.0,Lawyer,Hyderabad
787,Karan Patel,35,Male,164.1,64.4,Accountant,Lucknow
788,Riya Sharma,22,Female,187.5,65.0,Accountant,Indore
789,Aman Kumar,52,Female,163.2,52.4,Doctor,Chennai
790,Aditya Patel,36,Male,164.4,58.7,Data Analyst,Pune
791,Arjun Kumar,30,Female,185.5,74.8,Lawyer,Pune
792,Aarav Verma,54,Female,180.8,65.2,Business Owner,Mumbai
793,Aditya Patel,22,Male,173.5,62.4,Sales Executive,Lucknow
794,Simran Patel,35,Female,165.6,74.6,Doctor,Pune
795,Neha Yadav,28,Female,179.9,82.1,Software Engineer,Mumbai
796,Karan Gupta,30,Female,168.1,55.8,Lawyer,Bhopal
797,Pooja Shah,27,Female,182.4,82.2,Designer,Mumbai
798,Sneha Kumar,31,Male,167.9,59.8,Teacher,Delhi
799,Aditya Yadav,45,Female,160.0,64.2,Data Analyst,Hyderabad
800,Arjun Shah,21,Male,184.7,84.6,Student,Jaipur
801,Neha Singh,53,Male,156.7,62.4,Sales Executive,Indore
802,Aarav Patel,24,Male,153.7,45.4,Sales Executive,Bhopal
803,Rahul Shah,22,Female,159.8,57.9,Lawyer,Lucknow
804,Aman Verma,22,Female,168.8,56.1,Student,Bhopal
805,Neha Gupta,25,Female,172.5,68.3,Student,Mumbai
806,Sahil Jain,36,Female,177.7,60.2,Teacher,Jaipur
807,Vivaan Singh,28,Male,164.0,69.7,Software Engineer,Bhopal
808,Sneha Jain,53,Male,178.7,60.7,Teacher,Delhi
809,Aarav Kumar,34,Female,189.2,70.0,Designer,Delhi
810,Vivaan Kumar,32,Male,157.4,68.0,Software Engineer,Lucknow
811,Anjali Shah,29,Female,171.7,72.2,Data Analyst,Delhi
812,Priya Verma,18,Male,170.1,56.3,Student,Jaipur
813,Riya Singh,33,Female,174.1,69.0,Doctor,Jaipur
814,Neha Gupta,40,Female,166.0,58.1,Sales Executive,Lucknow
815,Pooja Gupta,53,Female,164.6,65.8,Accountant,Mumbai
816,Kavya Sharma,31,Male,180.8,79.2,Accountant,Bengaluru
817,Rohan Mehta,43,Male,153.5,62.2,Accountant,Jaipur
818,Rohan Mehta,26,Female,186.5,83.8,Business Owner,Jaipur
819,Kavya Jain,25,Male,176.7,78.3,Student,Delhi
820,Aditya Kumar,26,Male,159.6,55.2,Business Owner,Pune
821,Riya Verma,23,Male,175.2,73.5,Data Analyst,Indore
822,Neha Kumar,46,Female,182.4,62.3,Accountant,Chennai
823,Aman Singh,21,Male,153.2,60.6,Student,Pune
824,Vikram Kumar,55,Female,178.7,68.4,Business Owner,Indore
825,Aman Yadav,39,Male,159.6,52.8,Software Engineer,Chennai
826,Aarav Sharma,29,Male,180.4,75.0,Sales Executive,Chennai
827,Simran Shah,44,Female,181.7,77.9,Data Analyst,Indore
828,Neha Kumar,52,Female,179.2,65.3,Teacher,Bengaluru
829,Kavya Singh,31,Female,176.0,78.6,Lawyer,Mumbai
830,Rahul Verma,33,Female,188.6,92.0,Software Engineer,Delhi
831,Rahul Gupta,49,Female,151.2,55.3,Business Owner,Bhopal
832,Sneha Patel,26,Female,170.6,59.8,Software Engineer,Mumbai
833,Aditya Gupta,27,Female,179.9,74.6,Software Engineer,Pune
834,Rohan Sharma,45,Female,163.8,65.8,Sales Executive,Bhopal
835,Rohan Shah,46,Female,153.4,56.2,Teacher,Bhopal
836,Neha Jain,51,Male,180.7,60.4,Doctor,Jaipur
837,Aarav Shah,25,Male,170.2,78.7,Sales Executive,Hyderabad
838,Vikram Yadav,40,Female,172.4,64.6,Teacher,Mumbai
839,Arjun Jain,41,Male,163.0,58.2,Accountant,Pune
840,Priya Shah,46,Female,166.1,59.4,Designer,Jaipur
841,Pooja Patel,39,Female,156.6,47.4,Doctor,Bhopal
842,Sahil Jain,45,Male,186.7,79.5,Accountant,Pune
843,Vivaan Kumar,26,Female,187.7,83.8,Lawyer,Bengaluru
844,Riya Jain,48,Female,176.2,76.2,Sales Executive,Hyderabad
845,Rahul Mehta,33,Male,169.5,61.3,Designer,Hyderabad
846,Sneha Verma,52,Female,176.1,86.4,Doctor,Chennai
847,Neha Jain,27,Male,168.3,56.9,Software Engineer,Mumbai
848,Riya Yadav,36,Male,172.9,59.3,Lawyer,Bhopal
849,Riya Verma,57,Male,171.9,74.2,Doctor,Pune
850,Vikram Shah,30,Male,185.1,64.3,Accountant,Lucknow
851,Rahul Sharma,38,Male,170.5,69.7,Lawyer,Jaipur
852,Kavya Jain,37,Female,183.5,81.4,Designer,Hyderabad
853,Aditya Jain,30,Male,179.2,76.2,Sales Executive,Bengaluru
854,Aditya Shah,53,Female,163.6,61.9,Lawyer,Bengaluru
855,Karan Yadav,26,Male,166.5,70.3,Lawyer,Bengaluru
856,Karan Patel,38,Male,180.8,91.0,Software Engineer,Mumbai
857,Arjun Sharma,22,Male,182.1,85.3,Lawyer,Pune
858,Riya Mehta,23,Male,179.6,84.1,Student,Jaipur
859,Aditya Yadav,39,Male,151.4,53.6,Teacher,Pune
860,Rahul Shah,25,Female,160.8,49.9,Sales Executive,Hyderabad
861,Aarav Yadav,25,Male,174.0,57.7,Business Owner,Delhi
862,Sahil Verma,45,Male,177.2,82.2,Data Analyst,Pune
863,Simran Sharma,28,Male,168.7,77.4,Software Engineer,Delhi
864,Pooja Gupta,29,Female,161.3,66.5,Business Owner,Bengaluru
865,Sneha Patel,19,Male,167.9,71.2,Student,Bhopal
866,Aman Patel,24,Male,181.9,87.9,Data Analyst,Jaipur
867,Aarav Yadav,46,Female,168.6,59.5,Designer,Lucknow
868,Pooja Kumar,55,Male,151.1,62.7,Doctor,Mumbai
869,Aarav Verma,23,Female,183.8,68.6,Student,Hyderabad
870,Aditya Patel,57,Female,178.8,80.6,Teacher,Mumbai
871,Priya Jain,21,Female,169.6,76.2,Student,Pune
872,Aditya Shah,31,Male,152.9,51.3,Designer,Bhopal
873,Kavya Shah,23,Male,158.7,52.9,Data Analyst,Bhopal
874,Pooja Gupta,53,Female,163.2,53.5,Teacher,Pune
875,Vikram Verma,59,Female,159.7,62.9,Business Owner,Delhi
876,Karan Mehta,23,Female,157.1,68.5,Data Analyst,Bengaluru
877,Pooja Jain,41,Male,179.4,82.1,Accountant,Pune
878,Simran Singh,48,Female,183.3,87.8,Accountant,Chennai
879,Vivaan Kumar,41,Male,161.1,66.9,Designer,Jaipur
880,Karan Yadav,47,Female,178.7,74.2,Teacher,Delhi
881,Priya Gupta,55,Male,159.2,53.1,Sales Executive,Pune
882,Sahil Kumar,22,Female,189.8,67.7,Accountant,Chennai
883,Simran Singh,24,Male,170.6,67.7,Student,Pune
884,Vikram Singh,51,Female,168.1,59.7,Doctor,Hyderabad
885,Sahil Kumar,38,Male,172.3,64.0,Accountant,Delhi
886,Aarav Sharma,24,Female,174.2,80.8,Student,Indore
887,Rahul Patel,31,Male,163.9,75.1,Data Analyst,Jaipur
888,Pooja Gupta,53,Female,189.1,78.9,Sales Executive,Delhi
889,Priya Jain,30,Male,184.1,79.2,Software Engineer,Pune
890,Simran Verma,35,Male,150.4,60.0,Sales Executive,Lucknow
891,Rahul Singh,32,Female,158.9,56.8,Designer,Delhi
892,Rohan Jain,57,Female,170.3,80.3,Teacher,Lucknow
893,Pooja Yadav,21,Female,150.1,54.2,Student,Bengaluru
894,Priya Mehta,37,Male,172.9,69.0,Data Analyst,Delhi
895,Sahil Mehta,29,Female,182.3,82.6,Lawyer,Bhopal
896,Aditya Mehta,28,Male,179.1,87.6,Teacher,Mumbai
897,Aditya Verma,39,Male,179.9,79.3,Designer,Indore
898,Rahul Kumar,18,Male,183.3,79.0,Student,Jaipur
899,Priya Mehta,55,Female,184.6,89.2,Business Owner,Bengaluru
900,Pooja Patel,39,Male,153.4,55.6,Lawyer,Bengaluru
901,Karan Sharma,22,Male,160.5,71.3,Software Engineer,Bhopal
902,Anjali Jain,43,Male,168.3,67.2,Teacher,Lucknow
903,Neha Jain,38,Male,156.6,53.1,Software Engineer,Delhi
904,Neha Yadav,24,Female,183.9,77.2,Student,Indore
905,Arjun Gupta,29,Female,179.6,62.9,Software Engineer,Bhopal
906,Simran Sharma,54,Female,164.7,57.1,Designer,Chennai
907,Rahul Sharma,24,Male,161.5,71.9,Student,Jaipur
908,Simran Shah,29,Male,158.3,70.0,Doctor,Bhopal
909,Priya Verma,39,Female,160.5,68.2,Sales Executive,Mumbai
910,Riya Patel,27,Male,166.7,73.5,Accountant,Bhopal
911,Vivaan Kumar,37,Female,168.0,57.1,Sales Executive,Mumbai
912,Vivaan Kumar,45,Female,158.4,69.4,Data Analyst,Pune
913,Priya Jain,64,Female,155.3,66.6,Business Owner,Hyderabad
914,Karan Shah,32,Female,164.9,76.1,Sales Executive,Mumbai
915,Aarav Kumar,32,Female,165.4,68.6,Software Engineer,Chennai
916,Vivaan Yadav,26,Male,186.1,71.8,Business Owner,Lucknow
917,Karan Gupta,23,Male,179.7,62.8,Data Analyst,Indore
918,Simran Verma,22,Male,162.5,71.9,Software Engineer,Chennai
919,Anjali Kumar,24,Male,176.5,84.2,Accountant,Mumbai
920,Rohan Mehta,28,Female,183.5,68.5,Lawyer,Lucknow
921,Rohan Kumar,41,Female,174.4,85.0,Sales Executive,Bhopal
922,Neha Patel,35,Female,156.0,50.4,Sales Executive,Lucknow
923,Aarav Verma,29,Female,159.4,58.3,Software Engineer,Lucknow
924,Riya Shah,51,Male,158.2,61.6,Teacher,Chennai
925,Karan Gupta,33,Male,166.9,71.2,Software Engineer,Hyderabad
926,Rohan Jain,35,Female,166.6,67.0,Lawyer,Bhopal
927,Priya Patel,29,Male,179.2,68.4,Software Engineer,Bhopal
928,Kavya Shah,45,Female,184.7,93.5,Designer,Chennai
929,Aditya Sharma,23,Male,178.0,65.2,Student,Lucknow
930,Pooja Shah,32,Male,168.5,77.0,Accountant,Chennai
931,Vivaan Mehta,44,Female,173.1,83.5,Designer,Delhi
932,Vikram Singh,21,Female,175.9,65.5,Student,Jaipur
933,Sneha Shah,34,Male,159.5,66.1,Data Analyst,Lucknow
934,Vivaan Kumar,60,Male,175.9,69.0,Teacher,Indore
935,Vivaan Gupta,59,Male,158.6,58.8,Business Owner,Mumbai
936,Sneha Mehta,44,Female,177.8,59.4,Designer,Indore
937,Aarav Singh,52,Female,163.5,52.6,Designer,Delhi
938,Sahil Jain,35,Male,175.4,77.0,Software Engineer,Lucknow
939,Karan Gupta,43,Male,189.2,69.5,Designer,Bengaluru
940,Kavya Gupta,25,Female,166.5,72.6,Lawyer,Chennai
941,Arjun Singh,23,Male,163.9,55.6,Accountant,Hyderabad
942,Rohan Mehta,25,Female,176.8,78.9,Student,Delhi
943,Karan Gupta,37,Female,160.4,59.6,Business Owner,Indore
944,Vivaan Mehta,30,Female,184.1,87.6,Software Engineer,Indore
945,Pooja Shah,56,Male,178.3,78.7,Business Owner,Mumbai
946,Sahil Sharma,31,Male,163.6,65.1,Sales Executive,Bengaluru
947,Vivaan Sharma,39,Female,188.5,68.7,Data Analyst,Delhi
948,Pooja Shah,47,Male,180.2,72.7,Doctor,Delhi
949,Vikram Mehta,22,Female,169.6,75.9,Lawyer,Indore
950,Rohan Gupta,18,Female,177.4,70.9,Student,Bengaluru
951,Priya Yadav,39,Male,172.1,82.3,Data Analyst,Bhopal
952,Aman Verma,36,Male,166.8,57.9,Software Engineer,Mumbai
953,Simran Patel,44,Female,171.9,55.3,Accountant,Lucknow
954,Arjun Patel,27,Female,162.5,52.7,Sales Executive,Mumbai
955,Simran Jain,46,Female,157.4,60.1,Lawyer,Bhopal
956,Vikram Yadav,48,Female,152.9,51.8,Doctor,Chennai
957,Riya Mehta,20,Male,189.9,92.2,Student,Lucknow
958,Vikram Kumar,37,Male,185.6,93.6,Software Engineer,Lucknow
959,Priya Verma,28,Male,186.2,89.0,Sales Executive,Pune
960,Aman Kumar,53,Male,153.7,65.3,Business Owner,Mumbai
961,Rahul Mehta,50,Female,179.5,69.9,Doctor,Bhopal
962,Simran Shah,25,Female,162.6,58.2,Student,Bhopal
963,Rohan Kumar,23,Female,188.2,94.6,Sales Executive,Bhopal
964,Sneha Jain,43,Female,184.9,79.9,Data Analyst,Chennai
965,Sneha Gupta,44,Male,152.8,49.8,Data Analyst,Indore
966,Rohan Mehta,51,Female,152.3,54.6,Teacher,Hyderabad
967,Rahul Yadav,53,Male,189.5,74.9,Lawyer,Jaipur
968,Kavya Patel,36,Female,171.7,75.0,Software Engineer,Delhi
969,Aarav Jain,24,Male,186.0,73.8,Student,Bengaluru
970,Anjali Shah,50,Male,188.8,78.1,Lawyer,Hyderabad
971,Arjun Mehta,35,Female,163.7,66.1,Data Analyst,Pune
972,Kavya Verma,27,Male,180.9,86.0,Software Engineer,Hyderabad
973,Anjali Mehta,28,Male,178.9,59.3,Business Owner,Chennai
974,Arjun Sharma,54,Female,172.8,72.0,Sales Executive,Hyderabad
975,Neha Verma,37,Male,174.3,56.8,Designer,Chennai
976,Aarav Verma,32,Male,174.9,63.2,Data Analyst,Bhopal
977,Sahil Sharma,26,Female,162.6,60.8,Accountant,Chennai
978,Rohan Patel,28,Male,157.9,67.6,Data Analyst,Pune
979,Pooja Mehta,31,Female,188.7,83.1,Software Engineer,Delhi
980,Vivaan Gupta,58,Female,168.7,73.2,Doctor,Pune
981,Anjali Gupta,32,Female,174.7,70.9,Doctor,Delhi
982,Sahil Shah,37,Female,162.4,72.4,Sales Executive,Lucknow
983,Simran Shah,42,Female,171.8,55.2,Data Analyst,Hyderabad
984,Neha Singh,51,Male,157.2,59.0,Teacher,Jaipur
985,Rohan Sharma,40,Female,169.4,64.9,Software Engineer,Mumbai
986,Aarav Yadav,35,Male,150.2,46.2,Data Analyst,Chennai
987,Rahul Shah,44,Male,162.3,56.8,Accountant,Delhi
988,Vivaan Sharma,34,Male,155.2,66.0,Designer,Hyderabad
989,Riya Jain,54,Male,182.8,86.0,Designer,Bengaluru
990,Neha Kumar,32,Male,171.2,79.3,Designer,Indore
991,Aditya Patel,47,Female,153.9,54.7,Sales Executive,Pune
992,Simran Patel,55,Male,188.7,97.7,Business Owner,Lucknow
993,Aarav Kumar,54,Female,179.5,76.4,Sales Executive,Delhi
994,Aditya Shah,23,Female,178.1,78.7,Lawyer,Bengaluru
995,Aman Shah,34,Male,162.6,67.4,Lawyer,Pune
996,Sneha Jain,38,Male,183.9,64.4,Doctor,Delhi
997,Sneha Singh,47,Male,150.7,53.3,Business Owner,Jaipur
998,Aarav Kumar,41,Male,188.7,88.0,Doctor,Bhopal
999,Anjali Kumar,21,Male,153.2,60.7,Student,Delhi
1000,Simran Mehta,38,Female,161.0,52.9,Doctor,Hyderabad
